Workbook

Sheet Sheet1
A1: 익명ID | B1: 제2전공 | C1: 학과 | D1: 이수학기 | E1: 학수번호 | F1: 과목명
A2: student1 | B2: 심화전공 | C2: 인공지능학과 | D2: 2025_1 | E2: =_xlfn.XLOOKUP(F2, Sheet2!B:B, Sheet2!A:A, "") -> COSE111 | F2: 전산수학I
A3: student1 | B3: 심화전공 | C3: 인공지능학과 | D3: 2025_1 | E3: =_xlfn.XLOOKUP(F3, Sheet2!B:B, Sheet2!A:A, "") -> COSE101 | F3: 컴퓨터프로그래밍I
A4: student1 | B4: 심화전공 | C4: 인공지능학과 | D4: 2025_2 | E4: =_xlfn.XLOOKUP(F4, Sheet2!B:B, Sheet2!A:A, "") -> COSE112 | F4: 전산수학II
A5: student1 | B5: 심화전공 | C5: 인공지능학과 | D5: 2025_2 | E5: =_xlfn.XLOOKUP(F5, Sheet2!B:B, Sheet2!A:A, "") -> COSE211 | F5: 이산수학
A6: student1 | B6: 심화전공 | C6: 인공지능학과 | D6: 2025_2 | E6: =_xlfn.XLOOKUP(F6, Sheet2!B:B, Sheet2!A:A, "") -> COSE382 | F6: 확률및랜덤과정
A7: student1 | B7: 심화전공 | C7: 인공지능학과 | D7: 2026_1 | E7: =_xlfn.XLOOKUP(F7, Sheet2!B:B, Sheet2!A:A, "") -> COSE213 | F7: 자료구조
A8: student1 | B8: 심화전공 | C8: 인공지능학과 | D8: 2026_1 | E8: =_xlfn.XLOOKUP(F8, Sheet2!B:B, Sheet2!A:A, "") -> CSAI201 | F8: 기초인공지능
A9: student1 | B9: 심화전공 | C9: 인공지능학과 | D9: 2026_1 | E9: =_xlfn.XLOOKUP(F9, Sheet2!B:B, Sheet2!A:A, "") -> COSE281 | F9: 공학수학
A10: student2 | B10: 심화전공 | C10: 컴퓨터학과 | D10: 2025_1 | E10: =_xlfn.XLOOKUP(F10, Sheet2!B:B, Sheet2!A:A, "") -> COSE101 | F10: 컴퓨터프로그래밍I
A11: student2 | B11: 심화전공 | C11: 컴퓨터학과 | D11: 2025_2 | E11: =_xlfn.XLOOKUP(F11, Sheet2!B:B, Sheet2!A:A, "") -> COSE111 | F11: 전산수학I
A12: student2 | B12: 심화전공 | C12: 컴퓨터학과 | D12: 2025_2 | E12: =_xlfn.XLOOKUP(F12, Sheet2!B:B, Sheet2!A:A, "") -> COSE212 | F12: 프로그래밍언어
A13: student2 | B13: 심화전공 | C13: 컴퓨터학과 | D13: 2026_1 | E13: =_xlfn.XLOOKUP(F13, Sheet2!B:B, Sheet2!A:A, "") -> COSE283 | F13: 회로이론
... A70: student6 | B70: 심화전공 | C70: 데이터과학과 | D70: 2026_1 | E70: =_xlfn.XLOOKUP(F70, Sheet2!B:B, Sheet2!A:A, "") -> DATA304 | F70: 빅데이터분석
E71: =_xlfn.XLOOKUP(F71, Sheet2!B:B, Sheet2!A:A, "") -> 0
E72: =_xlfn.XLOOKUP(F72, Sheet2!B:B, Sheet2!A:A, "") -> 0
E73: =_xlfn.XLOOKUP(F73, Sheet2!B:B, Sheet2!A:A, "") -> 0
E74: =_xlfn.XLOOKUP(F74, Sheet2!B:B, Sheet2!A:A, "") -> 0
E75: =_xlfn.XLOOKUP(F75, Sheet2!B:B, Sheet2!A:A, "") -> 0
E76: =_xlfn.XLOOKUP(F76, Sheet2!B:B, Sheet2!A:A, "") -> 0
E77: =_xlfn.XLOOKUP(F77, Sheet2!B:B, Sheet2!A:A, "") -> 0
E78: =_xlfn.XLOOKUP(F78, Sheet2!B:B, Sheet2!A:A, "") -> 0
E79: =_xlfn.XLOOKUP(F79, Sheet2!B:B, Sheet2!A:A, "") -> 0
E80: =_xlfn.XLOOKUP(F80, Sheet2!B:B, Sheet2!A:A, "") -> 0
E81: =_xlfn.XLOOKUP(F81, Sheet2!B:B, Sheet2!A:A, "") -> 0
E82: =_xlfn.XLOOKUP(F82, Sheet2!B:B, Sheet2!A:A, "") -> 0
... E495: =_xlfn.XLOOKUP(F495, Sheet2!B:B, Sheet2!A:A, "") -> 0

Sheet Sheet2
A1: 학수번호 | B1: 과목명
A2: COSE101 | B2: 컴퓨터프로그래밍I
A3: COSE102 | B3: 컴퓨터프로그래밍II
A4: COSE111 | B4: 전산수학I
A5: COSE112 | B5: 전산수학II
A6: COSE213 | B6: 자료구조
A7: COSE214 | B7: 알고리즘
A8: COSE222 | B8: 컴퓨터구조
A9: COSE341 | B9: 운영체제
A10: COSE342 | B10: 컴퓨터네트워크
A11: COSE361 | B11: 인공지능
A12: COSE211 | B12: 이산수학
... A130: CSAI432 | B130: 인공지능응용 II
